Gender,treatment,totals,percentage
Male,443,975,0.454358974
Female,166,240,0.691666667
Other,28,44,0.636363636
