Gender,treatment,totals,percentage,year
Male,443,975,0.454358974,2014
Female,166,240,0.691666667,2014
Other,28,44,0.636363636,2014
Male,535,1030,0.519417476,2016
Female,237,319,0.742946708,2016
Other,67,83,0.807228916,2016
Male,258,484,0.533057851,2017
Female,148,207,0.714975845,2017
Other,50,53,0.943396226,2017
